fips_county_code,county_name,tempchg,prepchg,prepext,coldext,heatext,drychg,impsurface,houseden,popest,houseslr,roadslr,hazard,expos,vulner,risk,climate_stress_score,cluster
42001,Adams,-1.7441875254426382,1.4040076021591332,0.2378583973926683,0.7436115533378825,-0.5299383497126688,1.0555769018680896,-0.1788466999230263,-0.2061283521906781,-0.27118260938793,-0.1953769263953066,-0.2027360918390279,0.1594560970769435,-0.2011819238935245,0.8507571398362821,-0.1541442604661299,-0.4061829910957391,4
42003,Allegheny,0.8376544011049645,-0.2100893153283726,-0.2263233991281701,1.025489765918579,0.0278724405245045,-0.5190213189516092,1.703049607994028,0.8428624637298572,3.201183286654756,-0.1953769263953066,-0.2027360918390279,0.3255854253792988,1.9201900868119668,0.1093904685287785,2.0988495175766166,0.1155018408926199,3
42005,Armstrong,0.5917455028291886,-0.2920757802620954,-0.5029330118886698,1.2087106040960316,0.8282096612995773,-0.5341929970991232,-0.3907375335418322,-0.2744946899628182,-0.5154104167510496,-0.1953769263953066,-0.2027360918390279,0.2934376499765992,-0.4105458848744168,-0.1342503652263179,-0.4017094594609052,0.2952540556765476,0
42007,Beaver,-0.1202280395834097,1.9389059737044236,2.023355640275894,0.9691141234024412,-0.3844224913899278,2.1943626959228224,0.1324178607491327,-0.0659661072149263,-0.2512910735291344,-0.1953769263953066,-0.2027360918390279,2.2035574936616245,0.051062270136025,-0.6188988432289838,0.3429392240554714,0.563237388316495,2
42009,Bedford,1.1198833077606525,-1.9725736856154796,-0.7902271161291886,-0.2288682800655207,1.4830310237519109,-1.2546663986554032,-0.5241982798663795,-0.3152908205937023,-0.5599236904512376,-0.1953769263953066,-0.2027360918390279,-0.5675438554364204,-0.5233254059991733,0.2063274952809202,-0.5495731566561874,0.4494159776190534,0
42011,Berks,-0.954572539785144,1.789110846908149,0.8468744117537687,0.7999871958540227,-0.2389066330671869,1.5137393651599254,0.3320454097128744,0.0442742655697762,1.1839309306535648,-0.1953769263953066,-0.2027360918390279,0.9827326300992458,0.4604871012916959,2.196239973880506,0.9573551940648168,0.1067533974358648,2
42013,Blair,0.8943851440028255,-0.9149540613075032,-1.0905800432897312,-1.215442024097959,-0.7967174233043595,-0.592805858695262,-0.2513589492673599,-0.1616149435921283,-0.3830944648884513,-0.1953769263953066,-0.2027360918390279,-1.020226990883182,-0.2721086039019376,-0.2342777094972122,-0.38458177545631,-0.165046045998932,0
42015,Bradford,0.8141689654026254,-0.2866514058095772,-0.4518848859285775,-1.4268506835334815,-0.4814330636050879,-0.4738898512872774,-0.5149526764238743,-0.3138577112490693,-0.5211709703689108,-0.1953769263953066,-0.2027360918390279,-0.5616191586092191,-0.5094600836487904,0.774481405148713,-0.5282826092814716,-0.0470513164965799,0
42017,Bucks,-0.5622879645397161,-0.2693674396414226,0.0467247164723231,-0.2711500119526248,0.1733882988472455,-0.1665037080757433,1.2530500616691087,0.4580945115652835,2.254412714076109,2.812145744403088,2.161693780283945,-0.3899768185852774,1.3961168118246228,0.0499656540264851,1.201920010078984,-0.1851344579227379,3
42019,Butler,-0.0415802084784417,-0.585683537604954,-0.9362484996894526,1.4201192635315545,0.4644200154927257,-0.6429039132014394,-0.1867688712924193,-0.2045858081219569,-0.0109378060494118,-0.1953769263953066,-0.2027360918390279,-0.217864393900978,-0.1620912484004382,-0.6582799160675875,-0.2268245804735522,-0.0733547020623851,0
42021,Cambria,0.3840508177284703,0.2937314663048828,-0.0019490780477647,-0.5248404032752525,0.7069464460306268,-0.0279743489655013,-0.2311956999815979,-0.1812051401402826,-0.3654163541371409,-0.1953769263953066,-0.2027360918390279,0.1921465104967228,-0.2553072873200427,-0.0823200012080821,-0.2480292532731636,0.3543409715978653,0
42023,Cameron,1.7888379030097834,0.7348886678630892,-0.6442057325689249,-0.9899394540334016,2.5743999611724657,0.2939085911502259,-0.5982064018653823,-0.3200678717182152,-0.6079296985574794,-0.1953769263953066,-0.2027360918390279,0.7931449930274644,-0.5884209769141742,-0.7940766720455271,-0.5814977766867258,1.5523821517774916,0
42025,Carbon,0.2373343888431596,1.489286415103696,0.9762754752340024,-1.0322211859205055,1.313262522375379,1.171862355881405,-0.196984717051798,-0.1867464200093148,-0.522816394513969,-0.1953769263953066,-0.2027360918390279,1.0881236844619688,-0.2569115982673894,-0.4499350788793381,-0.1795241177705509,0.907486422366648,2
42027,Centre,0.6180381633987586,1.7412221108143695,2.8246925012773416,-0.8771881690011233,-1.694065216294593,2.095719142798456,-0.328408522203046,-0.2000595416580364,0.0786117623584978,-0.1953769263953066,-0.2027360918390279,1.9251778700776183,-0.2541713242333884,-0.0456274319212211,-0.0739711970969799,0.3398973633008739,2
42029,Chester,-1.237125754659942,1.920198912248454,2.5207780769567925,-0.1020230844042074,-0.0206328455830763,2.7695630026961124,0.797948710899561,0.1905987988870747,1.910150858768676,-0.1845665617302978,-0.2027360918390279,1.697219820219979,0.953272982988985,1.5637132275031849,1.8410295875273497,0.503934800817698,2
42031,Clarion,1.0259569538461095,2.582811551105794,3.4752593158385165,0.4053576982410478,1.6042942390208614,3.580730157544025,-0.4613406317180791,-0.2961367515487627,-0.5677857425405091,-0.1953769263953066,-0.2027360918390279,4.021189817332455,-0.4751978511626501,-0.4923325746491665,-0.2912163238286587,2.0703271168036657,2
42033,Clearfield,0.3571672083109566,-0.1718167072093311,-0.2405693877681957,0.6026724470475342,0.7554517321382077,-0.4553647919478209,-0.4591681433835305,-0.2804609762116881,-0.4914675600999873,-0.1953769263953066,-0.2027360918390279,0.1936265808279422,-0.4590483962087299,-0.2940718025800055,-0.4612681443923579,0.2190847161671144,0
42035,Clinton,1.642347069207693,-0.2323625491842421,-0.17646243888808,-0.5389343139042865,2.2833682445269834,-0.4008174148257638,-0.5393265510002602,-0.2819527556764056,-0.5686633718367166,-0.1953769263953066,-0.2027360918390279,0.6015055385595119,-0.533606384881674,-0.3855819501845791,-0.5221252155626191,1.1749659663029708,0
42037,Columbia,-0.9960498865755288,2.3379053911951533,2.3759438591165307,0.5322028939023601,-1.06349649689605,2.8838102052262102,-0.3258912755283393,-0.2472220355440162,-0.4925711344804873,-0.1953769263953066,-0.2027360918390279,1.9844456305266835,-0.3549222777717685,-0.0166467598951888,-0.2087909197016045,0.2747546072515437,2
42039,Crawford,-0.6724599110072136,-0.4755191984387137,-1.06208806600968,0.2503246813216634,-0.8452227094119396,-0.6779649707008648,-0.4154009119557745,-0.2841472759198356,-0.4397156753869064,-0.1953769263953066,-0.2027360918390279,-0.9928584674935328,-0.4170511471108364,0.7022692897037984,-0.4737052097576574,-0.7318825303733393,4
42041,Cumberland,0.2720028019216736,-0.2529803107302567,-0.2643127021682386,0.7999871958540227,0.2461462280086152,-0.1842281656829286,0.0743778034585342,-0.0457980699399402,0.2014422047444365,-0.1953769263953066,-0.2027360918390279,0.080020711210464,0.086785257603747,0.0878790194290429,0.0946308366183242,0.11130695474912,0
42043,Dauphin,-0.0466925776846919,-0.3320709388368341,-0.0731790212478933,0.109385575031315,-1.2817702843801615,-0.2324296826863054,0.2835454352982809,0.1000395936516664,0.3809921857913881,-0.1953769263953066,-0.2027360918390279,-0.4539900947950279,0.2893016198833482,-0.3856863977157157,0.1476804154407138,-0.520297514917053,4
42045,Delaware,0.8263948563335886,-0.3020872323528774,0.0289172306722909,-1.5255080579367248,0.2703988710624056,-0.063166209367744,3.034191075473874,1.8451878374339483,1.5542141281686794,2.6715053757673544,3.33285997862523,-0.2595384492357436,2.746559988204887,-1.294808437243188,2.156658414698385,0.3445425060094167,3
42047,Elk,0.9385187516214182,-0.1102425787646999,-0.7284944986890772,-1.0322211859205055,1.2405045932140095,-0.3311089710031649,-0.550798194377614,-0.2984441393357174,-0.6006607523050612,-0.1953769263953066,-0.2027360918390279,-0.131742032192638,-0.5492462126795136,-1.0354822042457257,-0.5736197178401814,0.6159714579440876,0
42049,Erie,0.7822896570224775,0.0453791878282215,-0.3580987940484081,-0.1583987269203465,-0.4086751344437183,-0.6925861199692526,-0.1054359952724708,-0.1243805803195046,0.3345154912654457,-0.1953769263953066,-0.2027360918390279,-0.0323980536308441,-0.0337382176044685,1.0404171805370728,0.0104166277550713,-0.1063238657968311,0
42051,Fayette,-0.613682047637202,-0.1883450359939685,-0.5171790005286955,1.43421317416059,0.7311990890844172,-0.412821833282245,-0.2827771860343386,-0.2120702502919443,-0.3332683435812199,-0.1953769263953066,-0.2027360918390279,-0.0330127006276468,-0.2916114017174919,0.1988021808818177,-0.2955485094588225,-0.0984349306116765,4
42053,Forest,0.2073783101405698,-0.2019157086682518,-0.3129864966883266,-0.369807386355869,0.0278724405245045,-0.7547934806120755,-0.4920757927292011,-0.3057129556513304,-0.6055279859958612,-0.1953769263953066,-0.2027360918390279,-0.2968622216327989,-0.5059388762893977,-0.270439372799607,-0.5296971128805301,-0.1731809099823336,0
42055,Franklin,-0.3276743316156713,-0.1322111115313263,-0.0636816954878762,1.7160913867412868,0.4401673724389353,-0.1173175822138085,-0.2982027694435625,-0.2326435502538709,-0.2663226978869241,-0.1953769263953066,-0.2027360918390279,0.2905020062791238,-0.2934934524227313,1.2799609656201183,-0.2263834465149175,-0.0016081804635148,4
42057,Fulton,-0.4628587966217242,-0.3380039358949265,-0.6382699039689141,1.250992335983138,0.2461462280086152,-0.2460030575676234,-0.5555089449328217,-0.3308283675838009,-0.6055897024782649,-0.1953769263953066,-0.2027360918390279,-0.2297214541981186,-0.5563684908371016,-0.2858969465935209,-0.5732444832837463,-0.1542385420602441,4
42059,Greene,-0.582192516522726,-4.122283729374854,-1.3553179988502095,2.19528434812847,1.6527995251284406,-1.7658877193346647,-0.4931757829378446,-0.3091072344060109,-0.5843853839520665,-0.1953769263953066,-0.2027360918390279,-1.3625371151298995,-0.5034021818638239,-0.1706117110621877,-0.5739312932007236,-0.23176023690965,0
42061,Huntingdon,-0.4686683184327974,-0.1343457038744373,-0.1717137760080713,0.3067003238378035,-0.6269489219278289,-0.2952655440125358,-0.5338691853350209,-0.3129249855037824,-0.5624938157850642,-0.1953769263953066,-0.2027360918390279,-0.3780827406521941,-0.5309439224933606,0.2011544465681598,-0.5486613926892082,-0.463627594791054,4
42063,Indiana,0.6882861904770549,-0.0417318857995924,-0.3854036056084574,0.7013298214507785,-0.6026962788740384,-0.3226571315724321,-0.4326134555769406,-0.2829958589723897,-0.4290240795232342,-0.1953769263953066,-0.2027360918390279,0.0807340870246975,-0.4282242560727336,-0.4143710638059084,-0.4401045420417096,-0.0790224066564718,0
42065,Jefferson,1.1057349667881942,1.8722349944191632,2.643056146117013,-0.1020230844042074,0.294651514116196,2.243707999142744,-0.470136767242979,-0.2947434269993353,-0.5798037197428029,-0.1953769263953066,-0.2027360918390279,2.6785628533237307,-0.4838638949826052,-0.6624149421262837,-0.3763256817954468,1.2146981600157114,2
42067,Juniata,1.051401604780707,-0.3379326000703659,-0.20970307904814,0.3348881450958736,0.1733882988472455,-0.3271792022435243,-0.5019866499367496,-0.3133223225581412,-0.5988165801576837,-0.1953769263953066,-0.2027360918390279,0.1912094259790009,-0.5129608774054929,0.1339798740326777,-0.5078506209739421,0.2992035671281427,0
42069,Lackawanna,-0.2566692167733342,0.7773180774797462,-0.4530720516485796,-0.6375916883075307,-0.5299383497126688,0.450642308719598,0.1139972632938537,0.0011461582232284,-0.14507282515358,-0.1953769263953066,-0.2027360918390279,-0.2985955784844606,0.060945375034922,-0.8128731072785844,-0.0505629080266433,-0.1119884192554683,4
42071,Lancaster,-0.5388423921897452,-0.2857225377261766,0.0087354134322546,-0.1020230844042074,0.0278724405245045,-0.2610954466667728,0.4098455709862599,0.0514201821968489,1.7054100930118332,-0.1953769263953066,-0.2027360918390279,-0.3854038249685759,0.6105391657762651,5.471570259577724,1.045588333042961,-0.2573551327773378,4
42073,Lawrence,-1.5356542322006344,-0.608015603662997,-0.570601457928792,1.293274067870242,-0.8452227094119396,-0.9567857996867508,-0.1560051586922845,-0.1711596004146151,-0.4819328867617175,-0.1953769263953066,-0.2027360918390279,-0.8796143515135805,-0.2173230325703654,-0.2746526859173685,-0.3297984636361039,-1.112554247099775,4
42075,Lebanon,-0.2134058052956837,0.2181569455200462,0.5845107876332948,0.4335455194991158,-0.2874119191747677,0.0491076258437043,0.0041082231060727,-0.0913345147419537,-0.285875316119281,-0.1953769263953066,-0.2027360918390279,0.2672476120606339,-0.0547981003495622,0.0110413204848121,-0.0267198322488752,-0.1505700328755823,4
42077,Lehigh,-0.2374694812685941,1.4935040676420264,2.3593235390365006,0.2503246813216634,0.6826938029768364,1.7629789511808254,0.8875046879852051,0.3620913865624504,0.6131674964701922,-0.1953769263953066,-0.2027360918390279,1.887652723555624,0.8113937669012902,-0.3561781237767262,1.345161974978913,0.7360677576296891,2
42079,Luzerne,-0.5299638100904932,-0.0772838207469216,-0.1598421188080499,-0.6798734201946348,-1.160507069111211,-0.178578833707119,-0.0754839339621832,-0.0808186621305064,0.1420814100989353,-0.1953769263953066,-0.2027360918390279,-0.737548845541135,-0.0405823213022326,-0.3012433869704189,-0.1726866347536424,-0.6230165709696077,4
42081,Lycoming,-1.2736359279953708,0.1186645151203551,-0.3521629654483973,0.4617333407571859,-0.91798063857331,-0.1164505755501939,-0.4683185856254963,-0.2639151760740629,-0.3462675082433554,-0.1953769263953066,-0.2027360918390279,-0.6299812963278495,-0.4395450593627809,0.1969116300353874,-0.4795562552640175,-0.7693557140396249,4
42083,McKean,0.2943771288442787,-1.2083336828363296,-1.1819918037298964,-1.6523532535980392,-0.2146539900133964,-0.8599551079721477,-0.5402921212964871,-0.3165553836828528,-0.590328994910012,-0.1953769263953066,-0.2027360918390279,-1.383434508157856,-0.5409522041603707,-0.5645751264233981,-0.6046471352447365,-0.2600773230470884,0
42085,Mercer,-0.1094911618088033,0.2657032920090421,-0.4696923717286097,-0.0597413525171033,-0.91798063857331,-0.3528777580313852,-0.2690004299043694,-0.2175698873151564,-0.3701517865287703,-0.1953769263953066,-0.2027360918390279,-0.3506294759096752,-0.2879454038388499,0.423488605914262,-0.3140877101207333,-0.4601165194711662,4
42087,Mifflin,0.1860639315659222,-0.500587242488156,0.1559439627125206,0.4053576982410478,-1.0877491399498405,-0.6007641838673862,-0.4208917745750618,-0.2559316018274891,-0.564209324737475,-0.1953769263953066,-0.2027360918390279,-0.2455459340651441,-0.4404272956262229,0.028779792020459,-0.460829810691607,-0.5008164640837681,4
42089,Monroe,-0.494993728812628,-0.2304423560824319,-0.2999276737683029,-1.3422872197592723,0.6341885168692571,-0.1043182317756098,0.7992854831918003,0.2209458563566138,0.772384512119541,-0.1953769263953066,-0.2027360918390279,-0.6931238264058592,0.7600146590073463,0.0774373760297434,0.5297560018858786,0.0116255187603397,0
42091,Montgomery,-0.7229894235729868,-0.2524065064635304,-0.0696175240878869,-0.2147743694364857,-0.4086751344437183,-0.0934600983420453,1.818228340410618,0.7813412101049007,2.316711840754865,-0.1521354677352716,0.3872665024196952,-0.5756312864733709,1.850161466217292,-1.8053165224523784,1.1604971019903096,-0.4083748854529168,3
42093,Montour,-1.8983235163287544,-0.2459123828800403,-0.1123554900079641,1.5328705485638343,-1.3060229274339512,-0.3397254150636433,-0.3394015568084907,-0.2536673873911965,-0.6057371944082892,-0.1953769263953066,-0.2027360918390279,-0.6820132581904005,-0.3853195753874649,-2.449146147621577,-0.4994953981839907,-1.1813572862754498,4
42095,Northampton,0.3349740270247235,-0.286356357733289,-0.1254143129279878,-0.5107464926462174,1.386020451536751,-0.1935583299002582,0.6614146863484129,0.2091044217425119,0.4560258284709603,-0.1953769263953066,-0.2027360918390279,-0.0014912914488153,0.5992644756670813,-0.0076340302452714,0.580579749058331,0.5091453828870719,0
42097,Northumberland,-1.070459672100223,-0.1858280855135795,-0.2381950563281915,0.7154237320798125,-1.7183178593483837,-0.2619882272178379,-0.2243812440049301,-0.199207971520331,-0.4824224344443512,-0.1953769263953066,-0.2027360918390279,-0.722550397284002,-0.2718362022837602,-0.0493890978993205,-0.3506437700072888,-1.0169219195554815,4
42099,Perry,1.829612853760655,-0.3985441484162129,-0.1871469303680992,-0.1583987269203465,0.5371779446540971,-0.2741426079771297,-0.4638708327325737,-0.292209468561133,-0.5417215125980342,-0.1953769263953066,-0.2027360918390279,0.3735904188768901,-0.4722941292025117,0.1861817161147231,-0.4546007303709281,0.6975493968125407,0
42101,Philadelphia,1.623728998257402,-0.2620780536738872,-0.0518100382878548,-2.089264483098118,-0.0448854886368667,-0.0485991236408544,6.101142069570687,7.5685863012946095,4.535814749564906,6.966420345804134,6.890553524529891,-0.2153829118366362,6.0935986807158695,0.6345996895133043,6.051871829494399,0.5100814619932269,1
42103,Pike,-2.4163808511887934,-0.4005946930755339,-0.184772598928095,0.095291664402281,-1.2817702843801615,-0.213773023313492,0.5621879286746846,0.2172244849113776,0.1019238557433875,-0.1953769263953066,-0.2027360918390279,-1.332855639721899,0.4630892966042654,-0.3290923173258004,0.0867077869617794,-1.3039747196274825,4
42105,Potter,1.5926984230960242,-0.4814143046268198,-0.8044731047692145,-1.8919497342916307,2.186357672311824,-0.5293023072607926,-0.6036687864944643,-0.3350887420102017,-0.6040666652413126,-0.1953769263953066,-0.2027360918390279,-0.1496182538479186,-0.5931588280386548,-0.445822986964061,-0.6065352557938822,1.083251262715685,0
42107,Schuylkill,-0.8989480444068677,0.6151917989907946,0.6058797705933332,0.081197753773245,-1.209012355218791,0.2857341983745762,-0.2777971322192259,-0.2077865296682224,-0.3910632132675275,-0.1953769263953066,-0.2027360918390279,-0.0479930483495567,-0.2974553432119137,0.086136607600535,-0.3067135110094217,-0.6074087337503608,4
42109,Snyder,1.109751850509911,-0.0222802105714874,0.192746100032587,-0.3275256544687639,0.3916620863313561,-0.2033876335172392,-0.3941702697689181,-0.2628636222353532,-0.5663599872274018,-0.1953769263953066,-0.2027360918390279,0.3672942603556776,-0.4210092472991785,-0.1374647603481194,-0.408040282484697,0.4326754344413427,0
42111,Somerset,-1.476695330203123,-0.1752637622529032,-0.2560025421282237,0.5744846257894641,0.1248830127396646,-0.2759389218614341,-0.4551522022917014,-0.2928437658635466,-0.5095170158024214,-0.1953769263953066,-0.2027360918390279,-0.5603781756317149,-0.4601337773786679,0.5829409201731678,-0.4861639304505919,-0.5425837464416308,4
42113,Sullivan,0.6775175514503321,-0.384176823935788,-0.4293287372485367,-1.8073862705174213,-2.227623363477975,-0.3478711563671282,-0.5865139264531026,-0.3274682826191541,-0.6071294763839435,-0.1953769263953066,-0.2027360918390279,-1.0623118693933151,-0.5799845948185194,-0.7596657779289893,-0.6231269704395098,-0.6326589894649238,0
42115,Susquehanna,-0.2185679438183821,-0.2230163243929362,-0.356911628328406,0.0248221112571068,-0.1661487039058172,-0.287123076032331,-0.4933684866164702,-0.3114648348984665,-0.5730515182549915,-0.1953769263953066,-0.2027360918390279,-0.396687368975518,-0.5017843429923777,-0.0395222074569954,-0.5266022678673069,-0.2239465745855101,4
42117,Tioga,-0.0361659264811324,-0.8670321873202564,-0.6810078698889914,-2.103358393727153,-1.2575176413263711,-0.9146073897345935,-0.563877420895589,-0.3258607930802468,-0.5675054032797177,-0.1953769263953066,-0.2027360918390279,-1.5140187251784152,-0.5557493883466634,0.4688973547151877,-0.6092212631560642,-0.7360969858473657,0
42119,Union,1.556722784550753,-0.573079170939513,-0.3117993309683243,-0.369807386355869,0.9009675904609488,-0.4805355116366009,-0.3926601409460912,-0.2342974043729159,-0.5385917547742214,-0.1953769263953066,-0.2027360918390279,0.1734270186265759,-0.4126927733842304,-0.1080755495977672,-0.4109953012875869,0.6590516211250336,0
42121,Venango,0.2094340371833649,-0.4696677949285157,-0.9694891398495126,-0.2006804588074506,-0.0691381316906554,-0.7057250982802862,-0.4755755374176793,-0.2974948206636659,-0.5605962954833699,-0.1953769263953066,-0.2027360918390279,-0.6354331866096962,-0.4849150564165178,-0.3896122954835616,-0.5291971735063347,-0.1884763975958589,0
42123,Warren,1.2094435519543454,-0.0787205479008071,-0.7403661558890987,-1.1449724709527849,0.3674094432775657,-0.6193507635936022,-0.4991903661245796,-0.3056907608165577,-0.5854481626609658,-0.1953769263953066,-0.2027360918390279,-0.2221458736346286,-0.5078867234789461,-0.8130829352551658,-0.5373289357171552,0.3191674105461029,0
42125,Washington,-1.2306202573416287,-0.1460197671516873,-0.2844945194082751,2.138908705612332,0.0036197974707141,-0.4704538794566497,-0.214583643807954,-0.1990663832570388,-0.1954512564471907,-0.1953769263953066,-0.2027360918390279,-0.0737387687831243,-0.2147363995869333,-0.9215284706613792,-0.2700146379707902,-0.5658181131091881,4
42127,Wayne,-2.341522795311144,-0.3189555001358407,-0.3189223252883373,0.2644185919506994,-1.4515387857566922,-0.2343938688702274,-0.3992625866150088,-0.2896194872038239,-0.4949048543199128,-0.1953769263953066,-0.2027360918390279,-1.3133931337342302,-0.4147485483692611,0.0892317451765486,-0.5050806058752447,-1.3424851499793544,4
42129,Westmoreland,0.1492637896677287,-0.1425135316680579,-0.2868688508482794,1.321461889128312,0.5614305877078859,-0.4269474839457869,-0.0282313089721218,-0.1136921202612205,0.2739527942965555,-0.1953769263953066,-0.2027360918390279,0.2765995552587193,0.0155094076161036,0.0362178400602749,0.0500608120359286,0.0945822978099425,0
42131,Wyoming,0.0322177003204887,-0.6338727900509769,-0.7059383500090364,-0.3134317438397299,0.052125083578295,-0.4065773953045746,-0.4863067568483465,-0.3033074867935221,-0.60052372079456,-0.1953769263953066,-0.2027360918390279,-0.665914094762548,-0.5004780810771501,-0.3300737431784764,-0.5424739428690691,-0.1074115371352636,0
42133,York,-0.6583236569415475,-0.2748591769477825,-0.102858164247947,-0.3979952076139381,0.6826938029768364,-0.1016059809807322,0.1790305730723848,-0.0610938416593136,0.92627298921718,-0.1953769263953066,-0.2027360918390279,-0.4247809420417163,0.2906061951550827,1.9321862753669377,0.334030110256096,-0.0257452783151477,4
