FIPS County Code,County Name,TempChg,PrepChg,PrepExt,ColdExt,HeatExt,DryChg,ImpSurface,HouseDen,PopEst,HouseSLR,RoadSLR,Hazard,Expos,Vulner,Risk,HEV
42001,Adams,1.623887014,1.388322919,146.2,70.3,32.3,0.148532804,3.703590539,462.6029414,110875.0,0.0,0.0,0.316094865,0.029711683,0.323506068,0.003038275,0.3038275
42003,Allegheny,2.130561646,0.016350741,107.1,72.3,34.6,-0.129989142,15.59348132,3195.042311,1217384.333,0.0,0.0,0.327081104,0.151713212,0.304433791,0.015106773,1.5106773
42005,Armstrong,2.082303153,-0.053337236,83.8,73.6,37.9,-0.132672776,2.364856381,284.5204739,33049.0,0.0,0.0,0.324955151,0.017671021,0.298165927,0.001712155,0.1712155
42007,Beaver,1.942581612,1.842983154,296.6,71.9,32.9,0.349966307,5.670171596,827.7013107,117213.6667,0.0,0.0,0.451272601,0.044218416,0.28569794,0.005700977,0.5700977
42009,Bedford,2.185947774,-1.481749834,59.6,63.4,40.6,-0.26011332,1.521646428,178.2536203,18864.33333,0.0,0.0,0.268017892,0.011184995,0.306927577,0.000920101,0.0920101
42011,Berks,1.778845332,1.715658243,197.5,70.7,33.5,0.229574621,6.931425866,1114.858386,574563.6667,0.0,0.0,0.37053867,0.067764713,0.358119738,0.008992188,0.8992188
42013,Blair,2.141694794,-0.582779838,34.3,56.4,31.2,-0.14304048,3.245455454,578.5526602,75213.0,0.0,0.0,0.238081666,0.025632642,0.29559264,0.001803902,0.1803902
42015,Bradford,2.125952737,-0.048726552,88.1,54.9,32.5,-0.122006087,1.580060494,181.9866219,31213.33333,0.0,0.0,0.268409696,0.011982399,0.321543811,0.001034147,0.1034147
42017,Bucks,1.85582938,-0.03403529,130.1,63.1,35.2,-0.067634257,12.75036747,2192.788445,915685.0,0.001822258,1.07e-05,0.279760514,0.121573406,0.302905038,0.010302236,1.0302236
42019,Butler,1.958015888,-0.302901974,47.3,75.1,36.4,-0.151902047,3.653537966,466.6210015,193805.0,0.0,0.0,0.291142419,0.031959814,0.284684829,0.002648952,0.2648952
42021,Cambria,2.041544024,0.444595221,126.0,61.3,37.4,-0.043130567,3.372847612,527.5235916,80846.33333,0.0,0.0,0.318256703,0.026598897,0.299501879,0.002535366,0.2535366
42023,Cameron,2.317227044,0.819576054,71.9,58.0,45.1,0.013805521,1.054060364,165.8102296,3566.666667,0.0,0.0,0.358001118,0.007441305,0.281191344,0.000749092,0.0749092
42025,Carbon,2.012751598,1.460809371,208.4,57.7,39.9,0.169101893,3.588993873,513.0895174,30689.0,0.0,0.0,0.377508248,0.026506632,0.290044674,0.002902324,0.2902324
42027,Centre,2.087462967,1.67495312,364.1,58.8,27.5,0.332517796,2.75865339,478.4111416,222341.0,0.0,0.0,0.432863178,0.026664227,0.300445826,0.003467734,0.3467734
42029,Chester,1.72339556,1.82708227,338.5,64.3,34.4,0.451710299,9.87502023,1496.008449,805982.0,6.55e-06,0.0,0.417788166,0.09610516,0.341847459,0.013725722,1.3725722
42031,Clarion,2.167515158,2.390298825,418.9,67.9,41.1,0.595193158,1.918783384,228.1466523,16359.0,0.0,0.0,0.571473792,0.013952843,0.288953963,0.002304028,0.2304028
42033,Clearfield,2.036268239,0.048882216,105.9,69.3,37.6,-0.118729292,1.932509246,268.9793317,40678.66667,0.0,0.0,0.318354581,0.014881609,0.294054387,0.00139312,0.139312
42035,Clinton,2.28847889,-0.002581367,111.3,61.2,43.9,-0.109080709,1.426065449,265.0935046,16079.33333,0.0,0.0,0.345327878,0.010593729,0.291700212,0.00106713,0.106713
42037,Columbia,1.770705593,2.182130137,326.3,68.8,30.1,0.471918853,2.774557448,355.5610145,40327.0,0.0,0.0,0.436782593,0.020869972,0.301191378,0.002745552,0.2745552
42039,Crawford,1.834208641,-0.209262982,36.7,66.8,31.0,-0.158103803,2.20903224,259.3771595,57170.0,0.0,0.0,0.239891564,0.017296899,0.319686094,0.001326499,0.1326499
42041,Cumberland,2.019555115,-0.020106334,103.9,70.7,35.5,-0.070769438,5.303472358,880.2355543,261482.3333,0.0,0.0,0.310841752,0.046272869,0.303880391,0.004370876,0.4370876
42043,Dauphin,1.957012609,-0.087332868,120.0,65.8,29.2,-0.079295537,6.625001226,1260.117406,318698.0,0.0,0.0,0.275527275,0.057919721,0.291697525,0.004655044,0.4655044
42045,Delaware,2.128352012,-0.061846907,128.6,54.2,35.6,-0.04935546,24.00368256,5805.926287,692558.6667,0.001737044,1.6e-05,0.288386487,0.1992383,0.268309601,0.015416435,1.5416435
42047,Elk,2.150355812,0.101219836,64.8,57.7,39.6,-0.096750369,1.35358718,222.1363068,5883.0,0.0,0.0,0.296837746,0.009694272,0.274980985,0.000791292,0.0791292
42049,Erie,2.119696569,0.233497354,96.0,63.9,32.8,-0.160690057,4.167402098,675.5417268,303887.6667,0.0,0.0,0.303407427,0.039341483,0.328385231,0.00391977,0.391977
42051,Fayette,1.845743527,0.034833241,82.6,75.2,37.5,-0.111204104,3.046953867,447.1253261,91090.66667,0.0,0.0,0.30336678,0.024511023,0.306733982,0.002280822,0.2280822
42053,Forest,2.006872855,0.023298255,99.8,62.4,34.6,-0.171693572,1.724597495,203.2022994,4332.0,0.0,0.0,0.285918242,0.012184906,0.294662351,0.00102657,0.102657
42055,Franklin,1.901871229,0.082546722,120.8,77.2,36.3,-0.058933996,2.949494458,393.5354434,112423.6667,0.0,0.0,0.324761015,0.024402785,0.334547695,0.002651315,0.2651315
42057,Fulton,1.875341898,-0.092375878,72.4,73.9,35.5,-0.081696456,1.323824483,137.7810018,4312.333333,0.0,0.0,0.290358304,0.009284665,0.294264692,0.000793302,0.0793302
42059,Greene,1.851923203,-3.308989784,12.0,80.6,41.3,-0.350540424,1.717647716,194.3607912,11069.33333,0.0,0.0,0.215444478,0.012330793,0.297230501,0.000789623,0.0789623
42061,Huntingdon,1.874201806,0.080732332,111.7,67.2,31.9,-0.090410224,1.460545288,184.4162109,18045.33333,0.0,0.0,0.280547077,0.010746849,0.306794496,0.000924985,0.0924985
42063,Indiana,2.10124882,0.159453492,93.7,70.0,32.0,-0.09525537,2.10028275,262.3764012,60577.0,0.0,0.0,0.310888928,0.016654326,0.290959588,0.001506486,0.1506486
42065,Jefferson,2.183171227,1.786313243,348.8,64.3,35.7,0.358694724,1.863209073,231.7760214,12529.33333,0.0,0.0,0.48268501,0.013454453,0.284578452,0.001848127,0.1848127
42067,Juniata,2.172508554,-0.092315243,108.5,67.4,35.2,-0.096055254,1.661980331,183.3812167,6470.666667,0.0,0.0,0.318194733,0.011781066,0.305066374,0.001143594,0.1143594
42069,Lackawanna,1.915805657,0.855640784,88.0,60.5,32.3,0.041529279,5.553789577,1002.517137,151061.3333,0.0,0.0,0.285803614,0.0447868,0.28070779,0.003593124,0.3593124
42071,Lancaster,1.860430466,-0.04793702,126.9,64.3,34.6,-0.084366065,7.422970175,1133.472261,740739.0,0.0,0.0,0.280062929,0.076394308,0.442380346,0.009464822,0.9464822
42073,Lawrence,1.664810716,-0.321884089,78.1,74.2,31.0,-0.207422873,3.847904245,553.6904825,43717.0,0.0,0.0,0.24738047,0.028783397,0.29455396,0.002097357,0.2097357
42075,Lebanon,1.924295903,0.380357356,175.4,68.1,33.3,-0.029495964,4.859506539,761.6210034,106193.0,0.0,0.0,0.323223187,0.038130315,0.301903677,0.003720843,0.3720843
42077,Lehigh,1.919573517,1.464394349,324.9,66.8,37.3,0.273661229,10.44083822,1942.716934,392683.3333,0.0,0.0,0.430381616,0.087945591,0.29245665,0.011069533,1.1069533
42079,Luzerne,1.862172847,0.129234572,112.7,60.2,29.7,-0.069770159,4.356640334,789.0129779,242566.3333,0.0,0.0,0.256775353,0.038947874,0.293869892,0.00293895,0.293895
42081,Lycoming,1.716230606,0.295789419,96.5,68.3,30.7,-0.058780636,1.874696412,312.078275,86948.33333,0.0,0.0,0.263888864,0.016003259,0.306685346,0.001295157,0.1295157
42083,McKean,2.023945974,-0.832150662,26.6,53.3,33.6,-0.190295029,1.41996494,174.9596525,9175.333333,0.0,0.0,0.21406252,0.010171266,0.287095463,0.000625089,0.0625089
42085,Mercer,1.944688675,0.42077145,86.6,64.6,30.7,-0.100600929,3.133995924,432.7997243,79337.33333,0.0,0.0,0.282362579,0.024721857,0.312514228,0.002181514,0.2181514
42087,Mifflin,2.002690006,-0.230570661,139.3,67.9,30.0,-0.144448184,2.174340766,332.874103,17498.66667,0.0,0.0,0.289311821,0.015952521,0.302360014,0.001395468,0.1395468
42089,Monroe,1.869035565,-0.000949215,100.9,55.5,37.1,-0.056634613,9.883466007,1575.057277,443419.6667,0.0,0.0,0.259713208,0.084990744,0.303611771,0.006701689,0.6701689
42091,Montgomery,1.824292456,-0.019618604,120.3,63.5,32.8,-0.054713978,16.32118483,3034.790102,935537.3333,2.62e-05,2.67e-06,0.267483065,0.147685819,0.255176354,0.010080348,1.0080348
42093,Montour,1.593638533,-0.01409864,116.7,75.9,29.1,-0.098274484,2.689198989,338.7719894,4265.333333,0.0,0.0,0.260447957,0.019121803,0.238613299,0.00118835,0.118835
42095,Northampton,2.031912929,-0.048475763,115.6,61.4,40.2,-0.072419799,9.012393191,1544.212391,342608.3333,0.0,0.0,0.305451311,0.075745893,0.301423238,0.006973934,0.6973934
42097,Northumberland,1.756103014,0.036972633,106.1,70.1,27.4,-0.084523984,3.415901598,480.6293343,43561.0,0.0,0.0,0.25776721,0.025648308,0.300349054,0.001985696,0.1985696
42099,Perry,2.325228941,-0.143834676,110.4,63.9,36.7,-0.086673905,1.90279748,238.3765442,24664.66667,0.0,0.0,0.330255705,0.014119838,0.30640931,0.001428835,0.1428835
42101,Philadelphia,2.284825179,-0.027839358,121.8,50.2,34.3,-0.046778769,43.38079287,20714.38788,1642680.0,0.004339333,3.21e-05,0.291306521,0.391728743,0.317945237,0.036281728,3.6281728
42103,Pike,1.491972158,-0.145577626,110.6,65.7,29.2,-0.075995464,8.38547485,1565.363749,229769.6667,0.0,0.0,0.217407333,0.067914367,0.293153455,0.004328435,0.4328435
42105,Potter,2.278735571,-0.214273785,58.4,51.6,43.5,-0.131807689,1.019548815,126.6834644,4797.666667,0.0,0.0,0.29565558,0.007168828,0.290150461,0.000614975,0.0614975
42107,Schuylkill,1.789761384,0.717834472,177.2,65.6,29.5,0.012359598,3.078418032,458.2836763,72673.66667,0.0,0.0,0.30237612,0.024174934,0.303835566,0.002221015,0.2221015
42109,Snyder,2.183959522,0.175987293,142.4,62.7,36.1,-0.07415845,2.343168226,314.8173906,16813.33333,0.0,0.0,0.329839336,0.017069266,0.298083234,0.001678243,0.1678243
42111,Somerset,1.67638113,0.045952241,104.6,69.1,35.0,-0.086991645,1.957882111,236.7243096,34927.0,0.0,0.0,0.268491763,0.014819188,0.316616272,0.001259762,0.1259762
42113,Sullivan,2.099135524,-0.131622541,90.0,52.2,25.3,-0.099715339,1.127933858,146.5334411,3821.666667,0.0,0.0,0.235298566,0.007926487,0.282076593,0.000526099,0.0526099
42115,Susquehanna,1.923282857,0.005362865,96.1,65.2,33.8,-0.088969948,1.716430207,188.2196503,14681.0,0.0,0.0,0.279316741,0.012423836,0.300602888,0.001043148,0.1043148
42117,Tioga,1.959078416,-0.542046548,68.8,50.1,29.3,-0.199962168,1.270952141,150.7206729,16448.33333,0.0,0.0,0.205426902,0.00932027,0.313682406,0.000600587,0.0600587
42119,Union,2.271675517,-0.292188342,99.9,62.4,38.2,-0.123181601,2.352709276,389.2274399,25662.0,0.0,0.0,0.317018771,0.017547552,0.298839296,0.001662414,0.1662414
42121,Venango,2.007276282,-0.204289326,44.5,63.6,34.2,-0.163014138,1.828846721,224.6091175,18650.0,0.0,0.0,0.263528327,0.013394,0.291596528,0.001029248,0.1029248
42123,Warren,2.203523561,0.128013363,63.8,56.9,36.0,-0.147735861,1.679647356,203.2601131,10730.66667,0.0,0.0,0.290859282,0.012072884,0.280702392,0.000985689,0.0985689
42125,Washington,1.724672234,0.070809452,102.2,80.2,34.5,-0.121398317,3.4778032,480.9981472,135007.6667,0.0,0.0,0.300673539,0.028932156,0.27791254,0.002417598,0.2417598
42127,Wayne,1.506662708,-0.076184828,99.3,66.9,28.5,-0.079642971,2.310994779,245.122997,39583.33333,0.0,0.0,0.218694401,0.017429323,0.303915191,0.001158432,0.1158432
42129,Westmoreland,1.995468147,0.07378973,102.0,74.4,36.8,-0.113702712,4.655184174,703.3833138,284588.6667,0.0,0.0,0.323841637,0.042173747,0.302551364,0.00413213,0.413213
42131,Wyoming,1.972498389,-0.343862534,66.7,62.8,34.7,-0.11009956,1.761046478,209.4681291,5926.666667,0.0,0.0,0.261512605,0.01249896,0.293128207,0.000958129,0.0958129
42133,York,1.836982816,-0.038703232,117.5,62.2,37.3,-0.056154858,5.964672444,840.3927185,492458.0,0.0,0.0,0.277458895,0.057994748,0.351326736,0.005653254,0.5653254
