fips_county_code,county_name,tempchg,prepchg,prepext,coldext,heatext,drychg,impsurface,houseden,popest,houseslr,roadslr,hazard,expos,vulner,risk,climate_stress_score
42001,Adams,-1.7441875254426382,1.4040076021591332,0.23785839739266837,0.7436115533378825,-0.5299383497126688,1.0555769018680896,-0.1788466999230263,-0.2061283521906781,-0.27118260938793,-0.1953769263953066,-0.20273609183902797,0.15945609707694355,-0.2011819238935245,0.8507571398362821,-0.15414426046612997,-0.40618299109573913
42003,Allegheny,0.8376544011049645,-0.21008931532837266,-0.2263233991281701,1.0254897659185793,0.02787244052450459,-0.5190213189516092,1.703049607994028,0.8428624637298572,3.2011832866547554,-0.1953769263953066,-0.20273609183902797,0.3255854253792988,1.9201900868119668,0.10939046852877858,2.0988495175766166,0.11550184089261994
42005,Armstrong,0.5917455028291886,-0.2920757802620954,-0.5029330118886698,1.2087106040960316,0.8282096612995773,-0.5341929970991232,-0.39073753354183227,-0.2744946899628182,-0.5154104167510496,-0.1953769263953066,-0.20273609183902797,0.2934376499765992,-0.41054588487441684,-0.13425036522631792,-0.4017094594609052,0.2952540556765476
42007,Beaver,-0.1202280395834097,1.9389059737044234,2.023355640275894,0.9691141234024411,-0.38442249138992785,2.1943626959228224,0.13241786074913275,-0.06596610721492632,-0.25129107352913443,-0.1953769263953066,-0.20273609183902797,2.2035574936616245,0.051062270136025045,-0.6188988432289838,0.34293922405547145,0.563237388316495
42009,Bedford,1.1198833077606523,-1.9725736856154794,-0.7902271161291886,-0.22886828006552074,1.4830310237519109,-1.2546663986554032,-0.5241982798663795,-0.3152908205937023,-0.5599236904512376,-0.1953769263953066,-0.20273609183902797,-0.5675438554364204,-0.5233254059991733,0.2063274952809202,-0.5495731566561874,0.4494159776190534
42011,Berks,-0.9545725397851439,1.789110846908149,0.8468744117537687,0.7999871958540227,-0.2389066330671869,1.5137393651599254,0.33204540971287444,0.044274265569776254,1.1839309306535648,-0.1953769263953066,-0.20273609183902797,0.9827326300992458,0.4604871012916959,2.196239973880506,0.9573551940648168,0.10675339743586483
42013,Blair,0.8943851440028255,-0.9149540613075033,-1.0905800432897312,-1.215442024097959,-0.7967174233043595,-0.592805858695262,-0.2513589492673599,-0.1616149435921283,-0.3830944648884513,-0.1953769263953066,-0.20273609183902797,-1.020226990883182,-0.27210860390193764,-0.23427770949721224,-0.38458177545631006,-0.165046045998932
42015,Bradford,0.8141689654026254,-0.2866514058095772,-0.45188488592857756,-1.4268506835334815,-0.4814330636050879,-0.4738898512872774,-0.5149526764238743,-0.3138577112490693,-0.5211709703689108,-0.1953769263953066,-0.20273609183902797,-0.5616191586092191,-0.5094600836487904,0.774481405148713,-0.5282826092814716,-0.047051316496579974
42017,Bucks,-0.5622879645397161,-0.2693674396414226,0.04672471647232315,-0.27115001195262484,0.17338829884724558,-0.16650370807574338,1.2530500616691087,0.4580945115652835,2.254412714076109,2.8121457444030877,2.161693780283945,-0.3899768185852774,1.3961168118246228,0.049965654026485166,1.201920010078984,-0.18513445792273794
42019,Butler,-0.04158020847844178,-0.585683537604954,-0.9362484996894526,1.4201192635315543,0.46442001549272577,-0.6429039132014394,-0.18676887129241934,-0.20458580812195695,-0.010937806049411839,-0.1953769263953066,-0.20273609183902797,-0.21786439390097806,-0.1620912484004382,-0.6582799160675875,-0.22682458047355228,-0.07335470206238513
42021,Cambria,0.38405081772847033,0.2937314663048828,-0.0019490780477647075,-0.5248404032752525,0.7069464460306268,-0.02797434896550131,-0.23119569998159792,-0.18120514014028263,-0.36541635413714096,-0.1953769263953066,-0.20273609183902797,0.1921465104967228,-0.2553072873200427,-0.08232000120808217,-0.2480292532731636,0.3543409715978653
42023,Cameron,1.7888379030097834,0.7348886678630892,-0.6442057325689249,-0.9899394540334016,2.5743999611724657,0.29390859115022594,-0.5982064018653823,-0.3200678717182152,-0.6079296985574794,-0.1953769263953066,-0.20273609183902797,0.7931449930274644,-0.5884209769141742,-0.7940766720455271,-0.5814977766867258,1.5523821517774916
42025,Carbon,0.23733438884315963,1.489286415103696,0.9762754752340025,-1.0322211859205057,1.3132625223753793,1.171862355881405,-0.19698471705179804,-0.18674642000931488,-0.522816394513969,-0.1953769263953066,-0.20273609183902797,1.0881236844619688,-0.25691159826738946,-0.4499350788793381,-0.1795241177705509,0.9074864223666479
42027,Centre,0.6180381633987586,1.7412221108143695,2.8246925012773416,-0.8771881690011233,-1.694065216294593,2.095719142798456,-0.328408522203046,-0.20005954165803644,0.07861176235849789,-0.1953769263953066,-0.20273609183902797,1.9251778700776185,-0.2541713242333884,-0.045627431921221165,-0.07397119709697997,0.3398973633008739
42029,Chester,-1.2371257546599421,1.920198912248454,2.5207780769567925,-0.10202308440420743,-0.020632845583076306,2.7695630026961124,0.797948710899561,0.19059879888707473,1.9101508587686757,-0.18456656173029787,-0.20273609183902797,1.697219820219979,0.953272982988985,1.5637132275031849,1.8410295875273497,0.503934800817698
42031,Clarion,1.0259569538461097,2.582811551105794,3.4752593158385165,0.4053576982410478,1.6042942390208614,3.580730157544025,-0.4613406317180791,-0.29613675154876273,-0.5677857425405091,-0.1953769263953066,-0.20273609183902797,4.021189817332455,-0.4751978511626501,-0.4923325746491665,-0.29121632382865875,2.0703271168036657
42033,Clearfield,0.35716720831095666,-0.17181670720933115,-0.2405693877681957,0.6026724470475342,0.7554517321382077,-0.4553647919478209,-0.45916814338353057,-0.2804609762116881,-0.4914675600999873,-0.1953769263953066,-0.20273609183902797,0.19362658082794226,-0.4590483962087299,-0.2940718025800055,-0.46126814439235797,0.21908471616711447
42035,Clinton,1.642347069207693,-0.23236254918424212,-0.17646243888808,-0.5389343139042865,2.2833682445269834,-0.40081741482576383,-0.5393265510002602,-0.28195275567640565,-0.5686633718367166,-0.1953769263953066,-0.20273609183902797,0.6015055385595119,-0.533606384881674,-0.3855819501845791,-0.5221252155626191,1.1749659663029708
42037,Columbia,-0.9960498865755287,2.3379053911951533,2.3759438591165307,0.5322028939023601,-1.06349649689605,2.8838102052262102,-0.3258912755283393,-0.24722203554401623,-0.4925711344804873,-0.1953769263953066,-0.20273609183902797,1.9844456305266833,-0.35492227777176855,-0.016646759895188833,-0.20879091970160457,0.2747546072515437
42039,Crawford,-0.6724599110072136,-0.47551919843871376,-1.0620880660096799,0.2503246813216634,-0.8452227094119396,-0.6779649707008648,-0.41540091195577455,-0.28414727591983563,-0.4397156753869064,-0.1953769263953066,-0.20273609183902797,-0.9928584674935328,-0.41705114711083646,0.7022692897037984,-0.4737052097576574,-0.7318825303733393
42041,Cumberland,0.2720028019216736,-0.25298031073025673,-0.2643127021682386,0.7999871958540227,0.2461462280086152,-0.1842281656829286,0.07437780345853429,-0.04579806993994029,0.20144220474443653,-0.1953769263953066,-0.20273609183902797,0.08002071121046407,0.08678525760374706,0.0878790194290429,0.09463083661832429,0.11130695474912006
42043,Dauphin,-0.04669257768469199,-0.3320709388368341,-0.07317902124789338,0.10938557503131506,-1.2817702843801615,-0.23242968268630543,0.2835454352982809,0.10003959365166648,0.38099218579138816,-0.1953769263953066,-0.20273609183902797,-0.45399009479502794,0.28930161988334824,-0.3856863977157157,0.1476804154407138,-0.520297514917053
42045,Delaware,0.8263948563335886,-0.3020872323528774,0.028917230672290985,-1.5255080579367248,0.2703988710624056,-0.06316620936774406,3.034191075473874,1.8451878374339485,1.5542141281686794,2.6715053757673544,3.3328599786252306,-0.25953844923574365,2.746559988204887,-1.294808437243188,2.156658414698385,0.3445425060094167
42047,Elk,0.9385187516214182,-0.11024257876469995,-0.7284944986890772,-1.0322211859205057,1.2405045932140097,-0.3311089710031649,-0.550798194377614,-0.29844413933571745,-0.6006607523050612,-0.1953769263953066,-0.20273609183902797,-0.13174203219263803,-0.5492462126795136,-1.0354822042457255,-0.5736197178401814,0.6159714579440876
42049,Erie,0.7822896570224775,0.04537918782822151,-0.3580987940484081,-0.15839872692034657,-0.40867513444371834,-0.6925861199692526,-0.1054359952724708,-0.12438058031950466,0.3345154912654457,-0.1953769263953066,-0.20273609183902797,-0.032398053630844165,-0.03373821760446859,1.0404171805370728,0.010416627755071343,-0.10632386579683112
42051,Fayette,-0.613682047637202,-0.18834503599396854,-0.5171790005286955,1.4342131741605901,0.7311990890844172,-0.412821833282245,-0.28277718603433866,-0.2120702502919443,-0.33326834358121993,-0.1953769263953066,-0.20273609183902797,-0.03301270062764686,-0.2916114017174919,0.19880218088181778,-0.29554850945882255,-0.09843493061167659
42053,Forest,0.20737831014056987,-0.20191570866825184,-0.3129864966883266,-0.36980738635586907,0.02787244052450459,-0.7547934806120755,-0.49207579272920116,-0.3057129556513304,-0.6055279859958612,-0.1953769263953066,-0.20273609183902797,-0.2968622216327989,-0.5059388762893977,-0.27043937279960706,-0.5296971128805301,-0.17318090998233368
42055,Franklin,-0.32767433161567133,-0.13221111153132634,-0.06368169548787626,1.7160913867412868,0.44016737243893533,-0.11731758221380856,-0.29820276944356255,-0.23264355025387096,-0.26632269788692414,-0.1953769263953066,-0.20273609183902797,0.29050200627912387,-0.29349345242273134,1.2799609656201185,-0.22638344651491757,-0.0016081804635148522
42057,Fulton,-0.4628587966217242,-0.33800393589492655,-0.6382699039689141,1.2509923359831379,0.2461462280086152,-0.24600305756762345,-0.5555089449328217,-0.3308283675838009,-0.6055897024782649,-0.1953769263953066,-0.20273609183902797,-0.2297214541981186,-0.5563684908371016,-0.28589694659352094,-0.5732444832837463,-0.15423854206024415
42059,Greene,-0.582192516522726,-4.122283729374854,-1.3553179988502095,2.19528434812847,1.6527995251284406,-1.7658877193346647,-0.4931757829378446,-0.30910723440601096,-0.5843853839520665,-0.1953769263953066,-0.20273609183902797,-1.3625371151298997,-0.5034021818638239,-0.17061171106218778,-0.5739312932007236,-0.23176023690965
42061,Huntingdon,-0.4686683184327974,-0.13434570387443737,-0.17171377600807136,0.30670032383780355,-0.6269489219278289,-0.29526554401253585,-0.5338691853350209,-0.3129249855037824,-0.5624938157850642,-0.1953769263953066,-0.20273609183902797,-0.3780827406521941,-0.5309439224933606,0.20115444656815984,-0.5486613926892082,-0.46362759479105403
42063,Indiana,0.6882861904770549,-0.04173188579959244,-0.3854036056084574,0.7013298214507785,-0.6026962788740384,-0.3226571315724321,-0.4326134555769406,-0.28299585897238977,-0.42902407952323424,-0.1953769263953066,-0.20273609183902797,0.08073408702469759,-0.4282242560727336,-0.41437106380590844,-0.4401045420417096,-0.07902240665647188
42065,Jefferson,1.1057349667881942,1.8722349944191632,2.6430561461170132,-0.10202308440420743,0.29465151411619606,2.2437079991427438,-0.470136767242979,-0.2947434269993353,-0.5798037197428029,-0.1953769263953066,-0.20273609183902797,2.6785628533237307,-0.4838638949826052,-0.6624149421262837,-0.37632568179544684,1.2146981600157114
42067,Juniata,1.051401604780707,-0.33793260007036596,-0.20970307904814,0.3348881450958736,0.17338829884724558,-0.32717920224352437,-0.5019866499367496,-0.31332232255814124,-0.5988165801576837,-0.1953769263953066,-0.20273609183902797,0.19120942597900098,-0.5129608774054929,0.13397987403267772,-0.5078506209739421,0.2992035671281427
42069,Lackawanna,-0.25666921677333426,0.7773180774797462,-0.45307205164857967,-0.6375916883075307,-0.5299383497126688,0.45064230871959804,0.11399726329385379,0.0011461582232284945,-0.14507282515358003,-0.1953769263953066,-0.20273609183902797,-0.29859557848446067,0.06094537503492206,-0.8128731072785844,-0.0505629080266433,-0.11198841925546833
42071,Lancaster,-0.5388423921897452,-0.2857225377261766,0.008735413432254662,-0.10202308440420743,0.02787244052450459,-0.2610954466667728,0.40984557098625995,0.051420182196848935,1.7054100930118332,-0.1953769263953066,-0.20273609183902797,-0.38540382496857595,0.6105391657762651,5.471570259577724,1.045588333042961,-0.2573551327773378
42073,Lawrence,-1.5356542322006344,-0.608015603662997,-0.570601457928792,1.293274067870242,-0.8452227094119396,-0.9567857996867509,-0.15600515869228454,-0.17115960041461514,-0.4819328867617175,-0.1953769263953066,-0.20273609183902797,-0.8796143515135805,-0.2173230325703654,-0.2746526859173685,-0.32979846363610393,-1.112554247099775
42075,Lebanon,-0.21340580529568373,0.2181569455200462,0.5845107876332948,0.43354551949911585,-0.28741191917476777,0.04910762584370433,0.004108223106072787,-0.09133451474195377,-0.285875316119281,-0.1953769263953066,-0.20273609183902797,0.26724761206063397,-0.05479810034956226,0.011041320484812118,-0.026719832248875287,-0.15057003287558238
42077,Lehigh,-0.23746948126859416,1.4935040676420264,2.3593235390365006,0.2503246813216634,0.6826938029768364,1.7629789511808254,0.8875046879852051,0.36209138656245043,0.6131674964701922,-0.1953769263953066,-0.20273609183902797,1.8876527235556242,0.8113937669012902,-0.3561781237767262,1.345161974978913,0.7360677576296891
42079,Luzerne,-0.5299638100904932,-0.07728382074692164,-0.1598421188080499,-0.6798734201946348,-1.160507069111211,-0.17857883370711905,-0.0754839339621832,-0.08081866213050648,0.14208141009893538,-0.1953769263953066,-0.20273609183902797,-0.737548845541135,-0.04058232130223265,-0.30124338697041897,-0.17268663475364243,-0.6230165709696077
42081,Lycoming,-1.2736359279953708,0.11866451512035511,-0.35216296544839737,0.4617333407571859,-0.91798063857331,-0.11645057555019392,-0.4683185856254963,-0.26391517607406295,-0.3462675082433554,-0.1953769263953066,-0.20273609183902797,-0.6299812963278495,-0.4395450593627809,0.1969116300353874,-0.4795562552640175,-0.7693557140396249
42083,McKean,0.29437712884427875,-1.2083336828363296,-1.1819918037298964,-1.6523532535980392,-0.21465399001339644,-0.8599551079721477,-0.5402921212964871,-0.31655538368285285,-0.590328994910012,-0.1953769263953066,-0.20273609183902797,-1.383434508157856,-0.5409522041603707,-0.5645751264233981,-0.6046471352447365,-0.26007732304708847
42085,Mercer,-0.10949116180880335,0.2657032920090421,-0.4696923717286097,-0.05974135251710334,-0.91798063857331,-0.35287775803138527,-0.26900042990436945,-0.21756988731515645,-0.3701517865287703,-0.1953769263953066,-0.20273609183902797,-0.3506294759096752,-0.2879454038388499,0.423488605914262,-0.31408771012073333,-0.4601165194711662
42087,Mifflin,0.18606393156592227,-0.500587242488156,0.15594396271252065,0.4053576982410478,-1.0877491399498405,-0.6007641838673862,-0.4208917745750618,-0.2559316018274891,-0.564209324737475,-0.1953769263953066,-0.20273609183902797,-0.24554593406514416,-0.4404272956262229,0.028779792020459077,-0.46082981069160706,-0.5008164640837681
42089,Monroe,-0.49499372881262804,-0.23044235608243197,-0.2999276737683029,-1.3422872197592723,0.6341885168692571,-0.10431823177560982,0.7992854831918003,0.2209458563566138,0.772384512119541,-0.1953769263953066,-0.20273609183902797,-0.6931238264058592,0.7600146590073463,0.07743737602974343,0.5297560018858786,0.01162551876033976
42091,Montgomery,-0.7229894235729868,-0.2524065064635304,-0.06961752408788699,-0.2147743694364857,-0.40867513444371834,-0.09346009834204536,1.818228340410618,0.7813412101049007,2.316711840754865,-0.15213546773527165,0.3872665024196952,-0.5756312864733709,1.850161466217292,-1.8053165224523786,1.1604971019903096,-0.4083748854529168
42093,Montour,-1.8983235163287544,-0.24591238288004033,-0.11235549000796412,1.5328705485638345,-1.3060229274339512,-0.33972541506364334,-0.3394015568084907,-0.2536673873911965,-0.6057371944082892,-0.1953769263953066,-0.20273609183902797,-0.6820132581904005,-0.3853195753874649,-2.4491461476215766,-0.49949539818399075,-1.1813572862754498
42095,Northampton,0.3349740270247235,-0.28635635773328905,-0.12541431292798783,-0.5107464926462174,1.3860204515367507,-0.19355832990025826,0.6614146863484129,0.20910442174251198,0.45602582847096035,-0.1953769263953066,-0.20273609183902797,-0.0014912914488153463,0.5992644756670813,-0.007634030245271428,0.580579749058331,0.5091453828870719
42097,Northumberland,-1.070459672100223,-0.18582808551357954,-0.23819505632819155,0.7154237320798125,-1.7183178593483837,-0.26198822721783793,-0.22438124400493015,-0.19920797152033104,-0.4824224344443512,-0.1953769263953066,-0.20273609183902797,-0.722550397284002,-0.27183620228376026,-0.049389097899320514,-0.3506437700072888,-1.0169219195554815
42099,Perry,1.829612853760655,-0.39854414841621294,-0.1871469303680992,-0.15839872692034657,0.5371779446540971,-0.2741426079771297,-0.4638708327325737,-0.292209468561133,-0.5417215125980342,-0.1953769263953066,-0.20273609183902797,0.37359041887689015,-0.47229412920251174,0.18618171611472317,-0.45460073037092813,0.6975493968125407
42101,Philadelphia,1.6237289982574021,-0.26207805367388726,-0.05181003828785481,-2.089264483098118,-0.044885488636866755,-0.048599123640854405,6.101142069570687,7.5685863012946095,4.535814749564906,6.966420345804134,6.890553524529891,-0.21538291183663621,6.0935986807158695,0.6345996895133043,6.051871829494399,0.5100814619932269
42103,Pike,-2.4163808511887934,-0.4005946930755339,-0.18477259892809506,0.09529166440228104,-1.2817702843801615,-0.21377302331349204,0.5621879286746846,0.2172244849113776,0.10192385574338754,-0.1953769263953066,-0.20273609183902797,-1.3328556397218987,0.46308929660426545,-0.32909231732580047,0.08670778696177947,-1.3039747196274825
42105,Potter,1.5926984230960242,-0.48141430462681983,-0.8044731047692145,-1.8919497342916307,2.1863576723118237,-0.5293023072607926,-0.6036687864944643,-0.3350887420102017,-0.6040666652413126,-0.1953769263953066,-0.20273609183902797,-0.14961825384791866,-0.5931588280386548,-0.44582298696406103,-0.6065352557938822,1.083251262715685
42107,Schuylkill,-0.8989480444068677,0.6151917989907946,0.6058797705933332,0.081197753773245,-1.209012355218791,0.28573419837457625,-0.2777971322192259,-0.2077865296682224,-0.3910632132675275,-0.1953769263953066,-0.20273609183902797,-0.04799304834955671,-0.2974553432119137,0.08613660760053504,-0.3067135110094217,-0.6074087337503608
42109,Snyder,1.1097518505099113,-0.022280210571487467,0.19274610003258708,-0.32752565446876397,0.39166208633135613,-0.20338763351723924,-0.3941702697689181,-0.2628636222353532,-0.5663599872274018,-0.1953769263953066,-0.20273609183902797,0.3672942603556776,-0.42100924729917855,-0.13746476034811947,-0.40804028248469704,0.43267543444134277
42111,Somerset,-1.476695330203123,-0.17526376225290322,-0.2560025421282237,0.5744846257894641,0.12488301273966466,-0.2759389218614341,-0.45515220229170145,-0.29284376586354666,-0.5095170158024214,-0.1953769263953066,-0.20273609183902797,-0.5603781756317149,-0.4601337773786679,0.5829409201731678,-0.4861639304505919,-0.5425837464416308
42113,Sullivan,0.6775175514503321,-0.38417682393578806,-0.42932873724853676,-1.8073862705174215,-2.227623363477975,-0.3478711563671282,-0.5865139264531026,-0.3274682826191541,-0.6071294763839435,-0.1953769263953066,-0.20273609183902797,-1.0623118693933151,-0.5799845948185194,-0.7596657779289893,-0.6231269704395098,-0.6326589894649238
42115,Susquehanna,-0.21856794381838215,-0.2230163243929362,-0.356911628328406,0.024822111257106864,-0.16614870390581726,-0.28712307603233106,-0.4933684866164702,-0.31146483489846655,-0.5730515182549915,-0.1953769263953066,-0.20273609183902797,-0.39668736897551804,-0.5017843429923777,-0.039522207456995494,-0.5266022678673069,-0.22394657458551018
42117,Tioga,-0.03616592648113244,-0.8670321873202564,-0.6810078698889914,-2.103358393727153,-1.2575176413263711,-0.9146073897345935,-0.563877420895589,-0.32586079308024685,-0.5675054032797177,-0.1953769263953066,-0.20273609183902797,-1.5140187251784152,-0.5557493883466634,0.46889735471518773,-0.6092212631560642,-0.7360969858473657
42119,Union,1.556722784550753,-0.573079170939513,-0.31179933096832435,-0.36980738635586907,0.9009675904609487,-0.4805355116366009,-0.3926601409460912,-0.23429740437291594,-0.5385917547742214,-0.1953769263953066,-0.20273609183902797,0.17342701862657592,-0.41269277338423044,-0.10807554959776723,-0.4109953012875869,0.6590516211250336
42121,Venango,0.20943403718336492,-0.46966779492851574,-0.9694891398495126,-0.20068045880745067,-0.06913813169065548,-0.7057250982802862,-0.47557553741767933,-0.29749482066366595,-0.5605962954833699,-0.1953769263953066,-0.20273609183902797,-0.6354331866096962,-0.48491505641651783,-0.3896122954835616,-0.5291971735063347,-0.1884763975958589
42123,Warren,1.2094435519543454,-0.07872054790080713,-0.7403661558890987,-1.1449724709527849,0.3674094432775657,-0.6193507635936022,-0.4991903661245796,-0.30569076081655777,-0.5854481626609658,-0.1953769263953066,-0.20273609183902797,-0.22214587363462868,-0.5078867234789461,-0.8130829352551658,-0.5373289357171552,0.3191674105461029
42125,Washington,-1.2306202573416287,-0.14601976715168732,-0.2844945194082751,2.138908705612332,0.0036197974707141436,-0.47045387945664974,-0.214583643807954,-0.19906638325703882,-0.19545125644719072,-0.1953769263953066,-0.20273609183902797,-0.07373876878312438,-0.21473639958693336,-0.9215284706613793,-0.27001463797079023,-0.5658181131091881
42127,Wayne,-2.341522795311144,-0.31895550013584073,-0.31892232528833736,0.26441859195069944,-1.4515387857566922,-0.23439386887022748,-0.39926258661500885,-0.28961948720382397,-0.4949048543199128,-0.1953769263953066,-0.20273609183902797,-1.3133931337342302,-0.41474854836926117,0.08923174517654861,-0.5050806058752447,-1.3424851499793544
42129,Westmoreland,0.1492637896677287,-0.14251353166805797,-0.2868688508482794,1.3214618891283119,0.5614305877078859,-0.4269474839457869,-0.02823130897212181,-0.11369212026122057,0.27395279429655556,-0.1953769263953066,-0.20273609183902797,0.2765995552587193,0.015509407616103687,0.03621784006027496,0.050060812035928624,0.09458229780994255
42131,Wyoming,0.032217700320488735,-0.6338727900509769,-0.7059383500090364,-0.31343174383972994,0.05212508357829504,-0.40657739530457465,-0.48630675684834657,-0.3033074867935221,-0.60052372079456,-0.1953769263953066,-0.20273609183902797,-0.665914094762548,-0.5004780810771501,-0.33007374317847643,-0.5424739428690691,-0.10741153713526364
42133,York,-0.6583236569415475,-0.27485917694778256,-0.102858164247947,-0.39799520761393814,0.6826938029768364,-0.10160598098073223,0.17903057307238485,-0.0610938416593136,0.9262729892171799,-0.1953769263953066,-0.20273609183902797,-0.4247809420417163,0.29060619515508274,1.9321862753669379,0.334030110256096,-0.02574527831514779
